economy,Country,year,Control of Corruption,Government Effectiveness,Rule of Law,Regulatory Quality,Voice and Accountability,governance_score,spread_bps,gdp_growth,inflation,debt_gdp
BWA,Botswana,2012,0.90651535987854,0.422315120697021,0.594521701335907,0.692556440830231,0.53296971321106,0.6297756671905519,485.0,3.48,3.28,59.2
CRI,Costa Rica,2012,0.570753693580627,0.47439906001091,0.528911471366882,0.743631064891815,1.08821976184845,0.6811830103397367,446.0,1.71,3.36,15.0
PAN,Panama,2012,-0.395119667053223,0.319876164197922,-0.222083896398544,0.468524962663651,0.469416946172714,0.128122901916504,568.0,3.65,4.9,50.1
URY,Uruguay,2012,1.37811684608459,0.415858507156372,0.614688694477081,0.599089086055756,1.0609667301178,0.81374397277832,509.0,2.15,3.37,41.4
SEN,Senegal,2012,-0.25842273235321,-0.473695427179337,-0.28196707367897,-0.109142281115055,-0.00418913504108787,-0.22548332987353198,577.0,5.45,2.86,35.0
GHA,Ghana,2012,-0.126568555831909,-0.0900087654590607,0.0166694633662701,0.0985032916069031,0.431352198123932,0.0659895263612271,533.0,3.21,5.32,49.4
BGD,Bangladesh,2012,-0.85661906003952,-0.807726144790649,-0.936167359352112,-0.95947253704071,-0.401940673589706,-0.7923851549625394,753.0,1.85,4.24,91.0
PAK,Pakistan,2012,-1.06879222393036,-0.783729493618011,-0.883420169353485,-0.722233474254608,-0.843582153320312,-0.8603515028953552,722.0,2.86,9.51,67.8
VNM,Viet Nam,2012,-0.532105982303619,-0.248135596513748,-0.55492377281189,-0.676629722118378,-1.42006897926331,-0.6863728106021891,634.0,4.33,0.5,43.6
ARG,Argentina,2012,-0.445909202098846,-0.206967011094093,-0.623034238815308,-0.897686779499054,0.295209914445877,-0.37567746341228475,638.0,2.37,8.27,66.5
MAR,Morocco,2012,-0.49313035607338,-0.141056269407272,-0.292328745126724,-0.110853657126427,-0.605667233467102,-0.328607252240181,581.0,1.86,8.74,83.0
KEN,Kenya,2012,-1.09887766838074,-0.540134847164154,-0.831432938575745,-0.317458748817444,-0.287803679704666,-0.6151415765285498,624.0,3.99,0.5,73.5
NGA,Nigeria,2012,-1.17593324184418,-1.00097513198853,-1.13882875442505,-0.723069429397583,-0.700219869613647,-0.9478052854537978,709.0,3.99,3.97,56.2
EGY,"Egypt, Arab Rep.",2012,-0.579664349555969,-0.681878209114075,-0.536399841308594,-0.385591775178909,-0.765063405036926,-0.5897195160388946,548.0,2.49,3.89,42.1
ROU,Romania,2012,-0.381443470716476,-0.169484630227089,0.0929005369544029,0.564533114433289,0.318529605865479,0.08500703126192119,456.0,2.56,0.78,69.0
CZE,Czechia,2012,0.310179650783539,0.921718597412109,1.02260160446167,1.05303382873535,0.970379710197449,0.8555826783180234,399.0,3.96,2.67,62.9
HUN,Hungary,2012,0.298703163862228,0.608617842197418,0.611102879047394,0.982062160968781,0.749367654323578,0.6499707400798798,407.0,0.6,1.67,72.9
POL,Poland,2012,0.659753620624542,0.657871425151825,0.817868530750275,0.996395766735077,1.06427574157715,0.8392330169677737,445.0,0.69,10.26,67.7
PER,Peru,2012,-0.404069632291794,-0.18742011487484,-0.58197021484375,0.436642318964005,0.11426293104887,-0.12451094239950182,528.0,2.06,7.81,76.0
CHL,Chile,2012,1.54359126091003,1.17844355106354,1.28765678405762,1.53619813919067,1.07694518566132,1.324566984176636,286.0,3.07,8.81,44.3
MYS,Malaysia,2012,0.213312953710556,0.906338155269623,0.379769444465637,0.477169960737228,-0.346539199352264,0.326010262966156,579.0,4.12,7.17,81.3
THA,Thailand,2012,-0.397404074668884,0.130159914493561,-0.172369107604027,0.137224212288857,-0.32114115357399,-0.1247060418128966,562.0,6.45,1.61,59.0
PHL,Philippines,2012,-0.573895454406738,0.205686181783676,-0.522410273551941,0.0405046008527279,-0.0296867359429598,-0.17596033625304697,585.0,5.22,3.43,96.5
COL,Colombia,2012,-0.422298341989517,-0.00116499257273972,-0.32591912150383,0.326594680547714,-0.0639913454651833,-0.0973558241967112,498.0,3.18,6.47,41.2
TUR,Turkiye,2012,0.161344781517982,0.432250022888184,-0.0366085544228554,0.450981587171555,-0.206933528184891,0.16020686179399496,504.0,3.46,1.33,89.7
IDN,Indonesia,2012,-0.689105808734894,-0.330479681491852,-0.583569049835205,-0.221852913498878,0.0676126480102539,-0.35147896111011506,613.0,1.49,7.14,59.0
IND,India,2012,-0.513968110084534,-0.15608711540699,-0.0628807470202446,-0.480885624885559,0.399454206228256,-0.16287347823381432,522.0,3.46,4.28,42.0
ZAF,South Africa,2012,-0.184170603752136,0.170115306973457,0.0844441577792168,0.398661673069,0.5821533203125,0.21024077087640752,542.0,2.92,3.88,45.3
MEX,Mexico,2012,-0.484527587890625,0.296199023723602,-0.53518009185791,0.418743193149567,0.112745344638824,-0.03840402364730842,531.0,4.15,7.13,48.6
BRA,Brazil,2012,-0.0468542315065861,-0.16054867208004,-0.0769327953457832,0.173244088888168,0.477906197309494,0.07336291745305054,529.0,1.85,6.33,63.5
BWA,Botswana,2013,0.8934605717659,0.378747165203094,0.494382411241531,0.635518550872803,0.489309012889862,0.578283542394638,433.0,4.54,3.92,65.5
CRI,Costa Rica,2013,0.577441453933716,0.455911159515381,0.563855290412903,0.747273743152618,1.07845854759216,0.6845880389213556,540.0,6.57,8.48,43.5
PAN,Panama,2013,-0.38122621178627,0.318168878555298,-0.253414422273636,0.447597444057465,0.424230694770813,0.11107127666473401,533.0,3.28,1.76,54.5
URY,Uruguay,2013,1.39722573757172,0.397321581840515,0.576609134674072,0.715800821781158,1.08520102500916,0.8344316601753251,372.0,4.3,6.85,97.8
SEN,Senegal,2013,-0.189072817564011,-0.425884455442429,-0.23636282980442,-0.0732259452342987,0.0599607788026333,-0.1729170538485051,617.0,4.88,6.78,89.6
GHA,Ghana,2013,-0.0967152342200279,-0.134414941072464,0.154123291373253,0.0618107803165913,0.438787639141083,0.08471830710768709,476.0,2.7,4.07,63.7
BGD,Bangladesh,2013,-0.893966019153595,-0.797781109809875,-0.871579885482788,-0.923936903476715,-0.405487447977066,-0.7785502731800078,677.0,3.95,5.98,55.8
PAK,Pakistan,2013,-0.962785661220551,-0.798744976520538,-0.856186628341675,-0.705004990100861,-0.799566090106964,-0.8244576692581177,576.0,3.53,1.25,57.4
VNM,Viet Nam,2013,-0.482918798923492,-0.245401605963707,-0.515209794044495,-0.65251749753952,-1.36654543876648,-0.6525186270475387,581.0,3.7,7.77,67.3
ARG,Argentina,2013,-0.434306710958481,-0.254236966371536,-0.656328618526459,-0.928134799003601,0.276933550834656,-0.3992147088050842,620.0,1.95,4.45,34.5
MAR,Morocco,2013,-0.423477381467819,-0.0853616520762444,-0.344686150550842,-0.0910557433962822,-0.698653876781464,-0.3286469608545303,636.0,3.55,3.43,49.9
KEN,Kenya,2013,-1.03619039058685,-0.477865993976593,-0.715259850025177,-0.326215893030167,-0.212353259325027,-0.5535770773887628,642.0,4.5,8.15,21.6
NGA,Nigeria,2013,-1.22705030441284,-0.998286724090576,-1.12051975727081,-0.681769371032715,-0.693110644817352,-0.9441473603248587,686.0,6.4,2.89,63.0
EGY,"Egypt, Arab Rep.",2013,-0.614102065563202,-0.782936871051788,-0.73585569858551,-0.557433128356934,-1.05164992809296,-0.7483955383300789,647.0,5.42,0.77,67.9
ROU,Romania,2013,-0.301038712263107,0.134710595011711,0.190215259790421,0.634414732456207,0.311483293771744,0.1939570337533952,447.0,7.81,0.5,45.3
CZE,Czechia,2013,0.299111813306808,0.915809273719788,1.02387058734894,1.07856404781342,0.98448371887207,0.8603678882122052,385.0,1.97,6.82,86.5
HUN,Hungary,2013,0.293921649456024,0.678418397903442,0.583020031452179,0.899946391582489,0.737164616584778,0.6384942173957825,431.0,5.24,1.16,30.5
POL,Poland,2013,0.645680546760559,0.659244894981384,0.839544832706451,1.052614569664,0.998090982437134,0.8390351653099055,477.0,3.87,10.26,25.7
PER,Peru,2013,-0.460946977138519,-0.151038065552711,-0.574419617652893,0.40630167722702,0.0847504287958145,-0.13907051086425767,588.0,7.88,0.5,59.5
CHL,Chile,2013,1.49892818927765,1.15803158283234,1.25513780117035,1.48287189006805,1.10628616809845,1.300251126289368,267.0,1.88,10.09,75.9
MYS,Malaysia,2013,0.333269119262695,0.993431925773621,0.341337561607361,0.567808210849762,-0.339791119098663,0.37921113967895514,509.0,1.82,5.63,88.7
THA,Thailand,2013,-0.372668325901031,0.16293603181839,-0.139277547597885,0.130639657378197,-0.429994702339172,-0.1296729773283002,550.0,2.3,4.71,45.8
PHL,Philippines,2013,-0.380065739154816,0.205928966403008,-0.469005644321442,0.0231475681066513,0.00626141391694546,-0.12274668700993066,535.0,-0.75,3.37,76.6
COL,Colombia,2013,-0.441208124160767,0.0531518310308456,-0.38826909661293,0.339824229478836,-0.0813083127140999,-0.10356189459562308,596.0,2.45,6.2,54.2
TUR,Turkiye,2013,0.0915075615048409,0.398709654808044,-0.00469276774674654,0.463030308485031,-0.251418113708496,0.1394273286685347,581.0,1.98,4.89,51.5
IDN,Indonesia,2013,-0.660291790962219,-0.244262352585793,-0.533516585826874,-0.123265877366066,0.0360430479049683,-0.30505871176719673,642.0,3.8,8.31,72.7
IND,India,2013,-0.517280995845795,-0.157355144619942,-0.0458925999701023,-0.478094786405563,0.432717055082321,-0.15318129435181632,531.0,4.18,5.34,68.0
ZAF,South Africa,2013,-0.138074696063995,0.30602103471756,0.135300785303116,0.380482465028763,0.600654542446136,0.25687682628631603,496.0,7.25,5.45,23.5
MEX,Mexico,2013,-0.591898560523987,0.302350997924805,-0.549416422843933,0.418155193328857,0.108349166810513,-0.06249192506074901,576.0,5.4,3.91,84.5
BRA,Brazil,2013,-0.0979596078395844,-0.119030974805355,-0.0920452028512955,0.146290123462677,0.417397052049637,0.050930278003215826,591.0,2.35,4.83,82.6
BWA,Botswana,2014,0.812723755836487,0.298254311084747,0.539282619953156,0.764807999134064,0.447420954704285,0.5724979281425479,435.0,1.7,5.92,42.5
CRI,Costa Rica,2014,0.725378334522247,0.362441927194595,0.583374798297882,0.656426250934601,1.13833606243134,0.693191474676133,432.0,4.48,0.5,62.9
PAN,Panama,2014,-0.370015203952789,0.27743074297905,-0.0646798387169838,0.476986914873123,0.505584120750427,0.16506134718656545,465.0,0.86,0.96,64.9
URY,Uruguay,2014,1.38809323310852,0.435041129589081,0.761607766151428,0.723710596561432,1.10781645774841,0.8832538366317741,353.0,7.16,7.23,60.2
SEN,Senegal,2014,0.0584492757916451,-0.404590606689453,-0.0757830440998077,-0.262088179588318,0.291608184576035,-0.07848087400197971,597.0,5.86,5.51,44.0
GHA,Ghana,2014,-0.195330202579498,-0.307953178882599,0.0634023994207382,-0.0476707369089127,0.461614340543747,-0.005187475681304887,614.0,2.56,4.45,41.6
BGD,Bangladesh,2014,-0.892609238624573,-0.775071203708649,-0.782356798648834,-0.95516049861908,-0.474044501781464,-0.77584844827652,658.0,0.07,5.06,54.5
PAK,Pakistan,2014,-0.83929455280304,-0.762600779533386,-0.751135647296906,-0.688540935516357,-0.716101288795471,-0.751534640789032,708.0,6.21,6.04,78.5
VNM,Viet Nam,2014,-0.438487648963928,-0.0470734238624573,-0.360228449106216,-0.602058231830597,-1.37489593029022,-0.5645487368106836,648.0,3.27,3.38,65.9
ARG,Argentina,2014,-0.549791395664215,-0.111114293336868,-0.866627335548401,-1.0661495923996,0.34527176618576,-0.4496821701526648,580.0,5.98,2.67,47.6
MAR,Morocco,2014,-0.305471539497375,-0.136379525065422,-0.130961164832115,-0.0279159974306822,-0.688601315021515,-0.25786590836942186,602.0,0.31,5.59,70.4
KEN,Kenya,2014,-0.93937611579895,-0.358901530504227,-0.412037432193756,-0.348395675420761,-0.145638465881348,-0.44086984395980844,688.0,2.3,2.06,15.0
NGA,Nigeria,2014,-1.28392314910889,-1.18984341621399,-1.05607903003693,-0.837622761726379,-0.587217092514038,-0.9909370899200454,692.0,3.51,6.22,78.0
EGY,"Egypt, Arab Rep.",2014,-0.575518012046814,-0.716656744480133,-0.698402404785156,-0.687225043773651,-1.18009531497955,-0.7715795040130609,739.0,3.59,0.5,20.2
ROU,Romania,2014,-0.224212571978569,0.224672213196754,0.242155745625496,0.600805342197418,0.428103059530258,0.2543047577142714,376.0,2.6,8.09,47.8
CZE,Czechia,2014,0.429756611585617,1.03113341331482,1.13887214660645,1.00139343738556,1.0266318321228,0.9255574882030494,447.0,4.75,6.42,32.6
HUN,Hungary,2014,0.156544849276543,0.582895636558533,0.509202778339386,0.747946262359619,0.553214013576508,0.5099607080221178,473.0,1.36,5.77,29.1
POL,Poland,2014,0.681905627250671,0.768983721733093,0.87160587310791,1.06331539154053,1.10508847236633,0.8981798171997069,395.0,3.22,7.95,78.2
PER,Peru,2014,-0.599980473518372,-0.326710402965546,-0.522552609443665,0.474248230457306,0.192497372627258,-0.15649957656860383,573.0,3.74,10.0,45.6
CHL,Chile,2014,1.44073414802551,1.03507494926453,1.34870362281799,1.48458957672119,1.05589711666107,1.272999882698058,255.0,4.53,8.04,61.9
MYS,Malaysia,2014,0.396519064903259,1.14593541622162,0.524089753627777,0.799231290817261,-0.360449194908142,0.5010652661323549,459.0,4.92,0.5,54.1
THA,Thailand,2014,-0.480822622776031,0.256995350122452,-0.220402136445045,0.174806475639343,-0.874908924102783,-0.22886637151241276,597.0,1.25,1.16,64.5
PHL,Philippines,2014,-0.439754605293274,0.31771445274353,-0.369522929191589,0.0773035287857056,0.159192964434624,-0.051013317704200686,627.0,0.43,3.13,56.5
COL,Colombia,2014,-0.397509813308716,-0.135854035615921,-0.252291530370712,0.444412022829056,-0.043343797326088,-0.07691743075847618,531.0,6.06,5.08,29.3
TUR,Turkiye,2014,-0.134328410029411,0.392252773046494,-0.0760362073779106,0.432501822710037,-0.338507890701294,0.05517641752958308,496.0,4.16,6.55,74.9
IDN,Indonesia,2014,-0.598005831241608,-0.0666907653212547,-0.31091845035553,-0.00835875049233437,0.153843909502029,-0.16602597758173962,545.0,2.0,2.82,45.1
IND,India,2014,-0.457605749368668,-0.222846582531929,-0.0691893845796585,-0.47507643699646,0.413222134113312,-0.1622992038726807,615.0,6.6,5.56,23.9
ZAF,South Africa,2014,-0.125287011265755,0.165043815970421,0.155199274420738,0.230833724141121,0.640296518802643,0.21321726441383362,529.0,3.73,2.73,46.4
MEX,Mexico,2014,-0.84301882982254,0.133970901370049,-0.406688004732132,0.359438210725784,0.000275321624940261,-0.15120448016677973,541.0,5.86,3.17,85.0
BRA,Brazil,2014,-0.366117089986801,-0.175920635461807,-0.0529657602310181,-0.0282199531793594,0.471930146217346,-0.030258658528327886,575.0,3.64,0.78,72.0
BWA,Botswana,2015,0.78086245059967,0.451487898826599,0.483199238777161,0.552077174186707,0.450575739145279,0.5436405003070832,463.0,7.62,2.23,48.0
CRI,Costa Rica,2015,0.687055706977844,0.306554466485977,0.492798924446106,0.664466142654419,1.15161108970642,0.6604972660541532,489.0,7.01,0.94,48.0
PAN,Panama,2015,-0.434962153434753,0.277811020612717,-0.140977621078491,0.447250634431839,0.558539509773254,0.1415322780609132,484.0,3.0,2.07,48.6
URY,Uruguay,2015,1.3004002571106,0.454686135053635,0.736542940139771,0.588026165962219,1.14334154129028,0.8445994079113011,397.0,5.44,8.16,96.5
SEN,Senegal,2015,0.031306829303503,-0.48336198925972,-0.159370958805084,-0.224439725279808,0.282860070466995,-0.11060115471482282,537.0,4.79,2.15,62.6
GHA,Ghana,2015,-0.210838302969933,-0.319785863161087,0.123091638088226,-0.107558235526085,0.488243818283081,-0.0053693890571596126,468.0,6.24,12.9,63.6
BGD,Bangladesh,2015,-0.844677090644836,-0.752009570598602,-0.769605338573456,-0.92024040222168,-0.512201607227325,-0.7597468018531798,669.0,1.57,6.48,75.6
PAK,Pakistan,2015,-0.834522724151611,-0.709552943706512,-0.777004957199097,-0.645115256309509,-0.722120881080627,-0.7376633524894711,664.0,4.87,5.55,59.8
VNM,Viet Nam,2015,-0.457950294017792,0.0631621554493904,-0.355004519224167,-0.505210995674133,-1.35883224010468,-0.5227671787142762,619.0,5.62,2.42,49.8
ARG,Argentina,2015,-0.581265270709991,-0.0494756102561951,-0.74863588809967,-0.898022353649139,0.411758154630661,-0.3731281936168668,584.0,-0.02,7.1,51.1
MAR,Morocco,2015,-0.286832571029663,-0.148065835237503,-0.181371480226517,-0.0984931141138077,-0.63044410943985,-0.2690414220094681,510.0,1.13,3.27,53.6
KEN,Kenya,2015,-1.03123271465302,-0.393976986408234,-0.507376968860626,-0.368477910757065,-0.146438285708427,-0.4895005732774744,592.0,-0.58,5.37,54.3
NGA,Nigeria,2015,-1.09608614444733,-0.99655681848526,-0.983265340328217,-0.887996912002563,-0.372785717248917,-0.8673381865024574,653.0,2.96,12.68,69.6
EGY,"Egypt, Arab Rep.",2015,-0.600906729698181,-0.690327763557434,-0.601831138134003,-0.796363055706024,-1.19008219242096,-0.7759021759033204,616.0,4.94,4.71,56.0
ROU,Romania,2015,-0.170948252081871,0.0987904593348503,0.204882144927979,0.568357586860657,0.486170291900635,0.23745044618845004,496.0,6.5,8.45,69.7
CZE,Czechia,2015,0.46791335940361,1.02559614181519,1.10708737373352,1.08391523361206,1.04274165630341,0.945450752973558,418.0,3.65,2.89,53.4
HUN,Hungary,2015,0.118709452450275,0.509736955165863,0.382024466991425,0.750261425971985,0.560090661048889,0.4641645923256874,565.0,6.76,4.9,56.6
POL,Poland,2015,0.694461524486542,0.74108874797821,0.803594648838043,0.954634428024292,1.03975915908813,0.8467077016830433,422.0,0.74,10.31,15.0
PER,Peru,2015,-0.603917360305786,-0.367453664541245,-0.499649614095688,0.439279824495316,0.227368146181107,-0.16087453365325918,577.0,0.09,3.12,73.3
CHL,Chile,2015,1.18245732784271,0.918835580348969,1.21972906589508,1.31984269618988,1.00456619262695,1.1290861725807175,367.0,3.39,10.44,61.9
MYS,Malaysia,2015,0.181636169552803,0.91708517074585,0.402504026889801,0.704775094985962,-0.391403198242188,0.3629194527864456,390.0,4.27,7.12,75.0
THA,Thailand,2015,-0.555973410606384,0.238737538456917,-0.188114643096924,0.195901736617088,-0.969038724899292,-0.255697500705719,577.0,3.43,3.31,15.0
PHL,Philippines,2015,-0.481130987405777,0.160157755017281,-0.417368292808533,0.0541701726615429,0.14704766869545,-0.10742473676800719,559.0,-0.63,6.9,96.8
COL,Colombia,2015,-0.352601826190948,-0.0937390848994255,-0.24723581969738,0.407719731330872,0.00404631532728672,-0.05636213682591895,672.0,3.32,7.92,52.2
TUR,Turkiye,2015,-0.161549240350723,0.199524775147438,-0.23225000500679,0.273797631263733,-0.367835342884064,-0.05766243636608119,539.0,0.89,6.87,77.2
IDN,Indonesia,2015,-0.519084393978119,-0.325818121433258,-0.424549460411072,-0.158227473497391,0.184877097606659,-0.2485604703426362,592.0,4.84,0.5,34.2
IND,India,2015,-0.406574189662933,0.0800815001130104,-0.0707211047410965,-0.4249567091465,0.427862852811813,-0.07886153012514122,550.0,4.23,2.82,67.3
ZAF,South Africa,2015,-0.0708397477865219,0.0873290970921516,0.0157780386507511,0.208593904972076,0.648553431034088,0.17788294479250896,455.0,1.62,4.26,33.9
MEX,Mexico,2015,-0.888967394828796,0.117517560720444,-0.454765856266022,0.276325017213821,-0.0753404349088669,-0.20504622161388397,628.0,2.47,4.78,42.5
BRA,Brazil,2015,-0.457840710878372,-0.255271553993225,-0.187332957983017,-0.181910037994385,0.458871006965637,-0.1246968507766724,596.0,1.38,6.86,93.3
BWA,Botswana,2016,0.866951286792755,0.497389316558838,0.379932075738907,0.727797985076904,0.403009802103043,0.5750160932540894,488.0,3.37,5.53,51.2
CRI,Costa Rica,2016,0.678310811519623,0.28387451171875,0.431041657924652,0.526479542255402,1.11790990829468,0.6075232863426214,398.0,5.41,0.99,59.3
PAN,Panama,2016,-0.573966324329376,0.153621435165405,0.0336839631199837,0.468313783407211,0.523992538452148,0.12112907916307436,587.0,1.53,6.14,72.4
URY,Uruguay,2016,1.24705672264099,0.504967212677002,0.619055449962616,0.681275367736816,1.16300630569458,0.8430722117424008,338.0,4.51,6.83,64.9
SEN,Senegal,2016,-0.0242784265428782,-0.502697646617889,-0.123833999037743,-0.210808366537094,0.369231224060059,-0.09847744293510904,579.0,2.44,6.68,58.0
GHA,Ghana,2016,-0.175533577799797,-0.254053384065628,0.0332300700247288,-0.299607872962952,0.583152055740356,-0.022562541812658442,648.0,1.91,8.24,62.3
BGD,Bangladesh,2016,-0.88751894235611,-0.705847561359406,-0.669500529766083,-0.811327993869781,-0.584256231784821,-0.7316902518272401,595.0,3.29,7.5,103.1
PAK,Pakistan,2016,-0.90090936422348,-0.700057625770569,-0.815520167350769,-0.662416398525238,-0.699556410312653,-0.7556919932365418,620.0,1.43,6.38,53.8
VNM,Viet Nam,2016,-0.490106016397476,-0.0174771249294281,0.0653154402971268,-0.502611756324768,-1.37323105335236,-0.463622102141381,610.0,2.39,4.79,59.0
ARG,Argentina,2016,-0.299235552549362,0.218796372413635,-0.320159524679184,-0.347571164369583,0.49326366186142,-0.0509812414646148,517.0,1.1,0.5,76.0
MAR,Morocco,2016,-0.19085057079792,-0.193648084998131,-0.272754222154617,-0.155640959739685,-0.624226212501526,-0.28742401003837575,501.0,7.43,6.29,77.1
KEN,Kenya,2016,-0.914170920848846,-0.402430564165115,-0.457080602645874,-0.357900857925415,-0.114260472357273,-0.4491686835885046,606.0,3.57,5.62,78.7
NGA,Nigeria,2016,-1.04531896114349,-1.12036550045013,-1.03865242004395,-0.94233363866806,-0.3197340965271,-0.893280923366546,616.0,2.1,5.81,67.8
EGY,"Egypt, Arab Rep.",2016,-0.590893149375916,-0.536168873310089,-0.477475792169571,-0.892875909805298,-1.20482385158539,-0.7404475152492528,670.0,3.93,1.17,32.1
ROU,Romania,2016,-0.178657218813896,-0.0682618692517281,0.45245349407196,0.566330015659332,0.541079998016357,0.262588883936405,450.0,3.28,1.76,87.7
CZE,Czechia,2016,0.555945515632629,1.00811576843262,0.988326966762543,0.973719298839569,1.02528142929077,0.9102777957916262,476.0,3.06,8.16,32.1
HUN,Hungary,2016,0.0721640735864639,0.457127034664154,0.413626253604889,0.590769052505493,0.402424246072769,0.3872221320867538,438.0,4.73,4.88,61.1
POL,Poland,2016,0.759568095207214,0.651506066322327,0.593824148178101,0.906232059001923,0.844245731830597,0.7510752201080324,406.0,5.02,7.04,39.9
PER,Peru,2016,-0.43034815788269,-0.256282150745392,-0.496036291122437,0.469326198101044,0.268895953893661,-0.08888888955116282,589.0,2.44,5.08,53.7
CHL,Chile,2016,1.02276110649109,0.833843767642975,0.96039354801178,1.36390829086304,0.995819568634033,1.0353452563285837,318.0,2.35,5.09,61.6
MYS,Malaysia,2016,0.0274246502667665,0.817718744277954,0.387877881526947,0.663995385169983,-0.416713893413544,0.29606055356562133,502.0,2.95,7.81,61.4
THA,Thailand,2016,-0.451746016740799,0.22570513188839,-0.0282307099550962,0.0528686940670013,-1.022944688797,-0.2448695179075008,637.0,-1.1,3.45,63.4
PHL,Philippines,2016,-0.519234538078308,0.0184973310679197,-0.431536346673965,0.112924449145794,0.163373067975044,-0.13119520731270304,474.0,0.47,5.29,87.3
COL,Colombia,2016,-0.384617507457733,-0.03696658462286,-0.266068160533905,0.339025348424911,0.122125923633575,-0.04530019611120238,551.0,6.23,3.61,64.1
TUR,Turkiye,2016,-0.199177414178848,-0.00650703674182296,-0.341492354869843,0.193467319011688,-0.607129514217377,-0.1921678001992406,577.0,6.79,3.7,50.1
IDN,Indonesia,2016,-0.463151514530182,-0.0507822521030903,-0.33899450302124,-0.0313757993280888,0.16793267428875,-0.1432742789387702,596.0,3.0,4.07,74.3
IND,India,2016,-0.337335646152496,0.0613894164562225,-0.0561538562178612,-0.31153193116188,0.441010862588882,-0.04052423089742656,479.0,4.65,5.67,78.8
ZAF,South Africa,2016,0.0170262884348631,0.101402580738068,0.0435598641633987,0.119783155620098,0.648330509662628,0.18602047972381114,441.0,4.12,3.56,30.4
MEX,Mexico,2016,-0.850662291049957,0.0276105776429176,-0.579800665378571,0.199013441801071,-0.0674507692456245,-0.2542579412460328,599.0,9.66,8.77,66.9
BRA,Brazil,2016,-0.446095585823059,-0.249387070536613,-0.201301991939545,-0.189951747655869,0.451975852251053,-0.1269521087408066,569.0,5.74,2.32,69.0
BWA,Botswana,2017,0.712409794330597,0.367126554250717,0.360619574785233,0.595029830932617,0.393295079469681,0.4856961667537689,470.0,3.24,4.44,49.0
CRI,Costa Rica,2017,0.432391852140427,0.222521707415581,0.42886871099472,0.43350425362587,1.12175965309143,0.5278092354536057,468.0,1.59,3.68,82.5
PAN,Panama,2017,-0.613697469234467,0.0281319748610258,0.0075527080334723,0.425295799970627,0.519523441791534,0.07336129108443842,485.0,0.29,9.34,52.0
URY,Uruguay,2017,1.25341796875,0.404940634965897,0.557142913341522,0.644548296928406,1.1673538684845,0.8054807364940648,421.0,3.91,5.59,57.5
SEN,Senegal,2017,-0.114319831132889,-0.365319281816483,-0.171570092439651,-0.195707216858864,0.316642314195633,-0.10605482161045084,561.0,1.99,8.1,51.5
GHA,Ghana,2017,-0.253390341997147,-0.187149077653885,0.105520524084568,-0.188691198825836,0.596182525157928,0.014494486153125607,492.0,0.66,0.54,55.3
BGD,Bangladesh,2017,-0.858602941036224,-0.752013146877289,-0.679660320281982,-0.82475745677948,-0.615438640117645,-0.746094501018524,735.0,2.21,5.8,33.1
PAK,Pakistan,2017,-0.8026123046875,-0.634695649147034,-0.731694102287292,-0.612370550632477,-0.693545937538147,-0.69498370885849,658.0,1.34,7.67,26.2
VNM,Viet Nam,2017,-0.628588140010834,-0.0333407856523991,0.0403859280049801,-0.433779716491699,-1.41349077224731,-0.4937626972794524,544.0,6.87,5.25,86.9
ARG,Argentina,2017,-0.309002459049225,0.135085612535477,-0.237312033772469,-0.196430206298828,0.528708100318909,-0.015790197253227212,565.0,5.26,8.2,38.1
MAR,Morocco,2017,-0.199466481804848,-0.305200457572937,-0.278358191251755,-0.158764094114304,-0.670836448669434,-0.3225251346826556,530.0,3.48,3.45,35.2
KEN,Kenya,2017,-0.974906325340271,-0.390356600284576,-0.431836128234863,-0.280637979507446,-0.201042324304581,-0.45575587153434743,638.0,6.46,9.23,15.0
NGA,Nigeria,2017,-1.09915590286255,-1.04120397567749,-0.88729989528656,-0.917148351669312,-0.340378314256668,-0.8570372879505159,716.0,3.65,11.9,42.2
EGY,"Egypt, Arab Rep.",2017,-0.495982348918915,-0.530632019042969,-0.448036134243011,-0.813245594501495,-1.25143277645111,-0.7078657746315,595.0,1.78,3.91,28.5
ROU,Romania,2017,-0.141483217477798,-0.0847913026809692,0.436648339033127,0.433020144701004,0.598848581314087,0.2484485089778902,541.0,6.55,3.66,87.8
CZE,Czechia,2017,0.568141341209412,1.03059422969818,1.08858931064606,1.22255635261536,0.880147039890289,0.9580056548118602,407.0,4.58,9.36,75.2
HUN,Hungary,2017,0.0906213447451591,0.481280267238617,0.537432312965393,0.637029111385345,0.537440478801727,0.4567607030272482,503.0,1.43,9.74,41.2
POL,Poland,2017,0.698781192302704,0.550776779651642,0.400895059108734,0.805140137672424,0.776027858257294,0.6463242053985596,528.0,3.12,3.43,100.0
PER,Peru,2017,-0.562385022640228,-0.204775094985962,-0.523281574249268,0.351487755775452,0.274388253688812,-0.13291313648223885,538.0,1.75,3.74,74.6
CHL,Chile,2017,1.00165581703186,0.809455633163452,0.981475472450256,1.32549917697906,1.00058126449585,1.0237334728240957,339.0,0.73,4.15,48.5
MYS,Malaysia,2017,-0.00609472393989563,0.77773243188858,0.388218402862549,0.671388506889343,-0.398660808801651,0.2865167617797851,443.0,5.35,0.97,15.0
THA,Thailand,2017,-0.446126043796539,0.257845818996429,0.013869789429009,0.0076168579980731,-1.04547691345215,-0.24245409816503555,526.0,7.32,2.24,100.8
PHL,Philippines,2017,-0.507541537284851,-0.0349111147224903,-0.501289486885071,0.127081677317619,0.0839975401759148,-0.16653258427977569,551.0,0.7,1.99,27.2
COL,Colombia,2017,-0.429829597473145,-0.140821367502213,-0.366633266210556,0.257446646690369,0.112731605768204,-0.1134211957454682,564.0,4.63,2.7,22.1
TUR,Turkiye,2017,-0.208805039525032,0.0138382893055677,-0.317272514104843,0.0434691049158573,-0.705634355545044,-0.23488090299069878,579.0,2.2,4.9,75.5
IDN,Indonesia,2017,-0.305278927087784,-0.0197342690080404,-0.351397454738617,0.0279275011271238,0.131470382213593,-0.10340255349874491,587.0,2.53,5.7,103.8
IND,India,2017,-0.291900008916855,0.0410966314375401,-0.0297500882297754,-0.256661295890808,0.386967867612839,-0.030049378797411864,535.0,2.32,9.65,82.7
ZAF,South Africa,2017,-0.12777316570282,0.0707959234714508,-0.15624788403511,0.13887757062912,0.630274713039398,0.11118543148040776,586.0,1.77,2.0,66.3
MEX,Mexico,2017,-0.952429533004761,-0.0653025507926941,-0.584648728370667,0.182068794965744,-0.0890548452734947,-0.30187337249517454,562.0,3.6,7.95,66.9
BRA,Brazil,2017,-0.559814631938934,-0.317140609025955,-0.305428564548492,-0.130978867411613,0.449531525373459,-0.172766229510307,692.0,1.84,4.36,72.1
BWA,Botswana,2018,0.71906042098999,0.254543900489807,0.383804857730865,0.623929619789124,0.462251842021942,0.4887181282043456,483.0,4.04,4.85,70.2
CRI,Costa Rica,2018,0.50113844871521,0.352706402540207,0.467835366725922,0.476172715425491,1.11900758743286,0.5833721041679379,395.0,3.4,7.02,60.6
PAN,Panama,2018,-0.610337615013123,0.0126809943467379,-0.159112378954887,0.385193198919296,0.557908833026886,0.03726660646498198,466.0,3.02,1.63,57.1
URY,Uruguay,2018,1.20765292644501,0.504864871501923,0.570747196674347,0.623031616210938,1.19108092784882,0.8194755077362075,426.0,1.68,6.15,53.7
SEN,Senegal,2018,-0.0473760962486267,-0.329456508159637,-0.224594131112099,-0.147642567753792,0.22047683596611,-0.10571849346160896,530.0,2.35,5.5,39.9
GHA,Ghana,2018,-0.138363629579544,-0.319947093725204,0.0510871484875679,-0.141936391592026,0.557817578315735,0.0017315223813057612,560.0,5.01,6.48,49.4
BGD,Bangladesh,2018,-0.926822602748871,-0.762283682823181,-0.649216711521149,-0.849186778068542,-0.742033064365387,-0.7859085679054261,667.0,4.5,5.87,21.1
PAK,Pakistan,2018,-0.801856637001038,-0.666645467281342,-0.683649957180023,-0.667998254299164,-0.81427401304245,-0.7268848657608034,630.0,1.54,12.37,53.0
VNM,Viet Nam,2018,-0.511843025684357,-0.0117206163704395,-0.0354671441018581,-0.372491270303726,-1.47091710567474,-0.48048783242702414,555.0,3.7,3.09,35.2
ARG,Argentina,2018,-0.0992739275097847,0.0280606187880039,-0.219330430030823,-0.195977628231049,0.539252579212189,0.010546242445707255,448.0,5.0,3.41,32.9
MAR,Morocco,2018,-0.289455205202103,-0.349403738975525,-0.248644605278969,-0.259155303239822,-0.675590515136719,-0.3644498735666276,557.0,0.16,3.13,58.6
KEN,Kenya,2018,-0.863009214401245,-0.493653178215027,-0.42828243970871,-0.265344053506851,-0.37522828578949,-0.4851034343242646,641.0,4.59,3.33,82.8
NGA,Nigeria,2018,-1.08386242389679,-1.11820352077484,-0.917605757713318,-0.878198742866516,-0.425071567296982,-0.8845884025096892,668.0,2.17,3.09,73.4
EGY,"Egypt, Arab Rep.",2018,-0.514722347259521,-0.454036295413971,-0.301445573568344,-0.804274797439575,-1.32450354099274,-0.6797965109348302,565.0,4.64,8.57,23.6
ROU,Romania,2018,-0.226882994174957,-0.177138328552246,0.367548227310181,0.406415402889252,0.533204734325409,0.18062940835952782,507.0,1.97,9.26,35.2
CZE,Czechia,2018,0.509728491306305,0.951154172420502,1.01980626583099,1.26730799674988,0.822354137897491,0.9140702128410336,407.0,-0.11,3.29,73.8
HUN,Hungary,2018,0.0553392209112644,0.443152636289597,0.5550696849823,0.563642382621765,0.487892836332321,0.4210193522274495,418.0,0.24,2.5,35.4
POL,Poland,2018,0.622786521911621,0.546892523765564,0.376929372549057,0.874214768409729,0.710338830947876,0.6262324035167695,439.0,3.6,6.41,50.5
PER,Peru,2018,-0.597973227500916,-0.323809534311295,-0.56674337387085,0.443382769823074,0.215107664465904,-0.16600714027881663,553.0,4.02,3.34,66.0
CHL,Chile,2018,0.958202481269836,0.907178461551666,0.940260529518127,1.30045235157013,1.02594089508057,1.0264069437980659,314.0,1.69,6.9,35.6
MYS,Malaysia,2018,0.299851536750793,1.05388987064362,0.529206156730652,0.575907409191132,-0.099500760436058,0.4718708425760278,472.0,4.78,5.61,57.1
THA,Thailand,2018,-0.458226591348648,0.254539996385574,-0.00403118878602982,-0.0440966561436653,-1.017458319664,-0.2538545519113538,591.0,0.18,0.5,28.3
PHL,Philippines,2018,-0.576294243335724,0.062349122017622,-0.565135478973389,0.0287664085626602,0.0210947003215551,-0.20584389828145513,610.0,3.37,9.64,43.0
COL,Colombia,2018,-0.340439766645432,-0.139370113611221,-0.383742153644562,0.224889174103737,0.172213315963745,-0.09328990876674662,592.0,1.08,10.39,61.4
TUR,Turkiye,2018,-0.35130301117897,-0.0684682950377464,-0.390099376440048,0.01624720916152,-0.84590607881546,-0.32790591046214085,505.0,2.2,3.16,23.1
IDN,Indonesia,2018,-0.299604296684265,0.141379877924919,-0.314401388168335,-0.0218164678663015,0.162210986018181,-0.0664462577551603,488.0,3.59,3.84,63.8
IND,India,2018,-0.229758977890015,0.262917786836624,-0.00142208894249052,-0.225996732711792,0.360422104597092,0.033232418377883696,546.0,1.78,5.86,54.6
ZAF,South Africa,2018,-0.136797428131104,0.103647440671921,-0.22182808816433,-0.0407781675457954,0.63723361492157,0.06829547435045233,540.0,2.73,6.0,66.0
MEX,Mexico,2018,-0.949163556098938,-0.292850613594055,-0.641221523284912,0.0843754634261131,-0.00868499930948019,-0.3615090457722544,605.0,5.51,6.98,59.5
BRA,Brazil,2018,-0.480954378843307,-0.520569622516632,-0.30234295129776,-0.293125450611115,0.376852065324783,-0.24402806758880616,754.0,2.35,11.03,82.3
BWA,Botswana,2019,0.685445845127106,0.375831961631775,0.432969272136688,0.498032212257385,0.498041391372681,0.49806413650512704,474.0,5.17,4.47,57.5
CRI,Costa Rica,2019,0.626857101917267,0.347661405801773,0.529464185237885,0.544661998748779,1.09427237510681,0.6285834133625027,482.0,1.24,2.61,46.4
PAN,Panama,2019,-0.643827140331268,0.0998710468411446,-0.191898912191391,0.380994021892548,0.598749577999115,0.048777718842029714,560.0,4.56,0.86,57.4
URY,Uruguay,2019,1.19539678096771,0.643020868301392,0.603468060493469,0.61363160610199,1.22502756118774,0.8561089754104602,424.0,6.38,2.81,65.9
SEN,Senegal,2019,-0.00357197062112391,-0.13431353867054,-0.215208232402802,-0.175264254212379,0.234765261411667,-0.05871854689903559,513.0,-1.44,4.9,56.0
GHA,Ghana,2019,-0.108660869300365,-0.289961248636246,0.0127408038824797,-0.185462951660156,0.550379991531372,-0.004192854836583071,559.0,1.91,10.38,55.8
BGD,Bangladesh,2019,-1.017209649086,-0.753539621829987,-0.643474996089935,-0.937222182750702,-0.741862595081329,-0.8186618089675907,604.0,4.65,3.45,41.0
PAK,Pakistan,2019,-0.879992425441742,-0.718214333057404,-0.68840104341507,-0.687235057353973,-0.862777709960938,-0.7673241138458253,623.0,3.09,5.67,41.7
VNM,Viet Nam,2019,-0.546221077442169,0.0278810821473598,-0.050392884761095,-0.375260800123215,-1.40485322475433,-0.4697693809866898,566.0,4.24,4.95,26.9
ARG,Argentina,2019,-0.107116244733334,-0.120795331895351,-0.427360445261002,-0.453079700469971,0.570874631404877,-0.10749541819095618,540.0,2.29,8.57,90.0
MAR,Morocco,2019,-0.333868354558945,-0.251563876867294,-0.23337709903717,-0.154595121741295,-0.624475300312042,-0.3195759505033492,684.0,3.67,12.58,30.1
KEN,Kenya,2019,-0.806061267852783,-0.441659152507782,-0.464812368154526,-0.338947534561157,-0.308262407779694,-0.4719485461711884,497.0,3.19,3.41,41.1
NGA,Nigeria,2019,-1.11317050457001,-1.21315038204193,-0.938441932201385,-0.940476417541504,-0.434048444032669,-0.9278575360774998,693.0,5.84,3.53,40.6
EGY,"Egypt, Arab Rep.",2019,-0.655317544937134,-0.251354306936264,-0.332123339176178,-0.758563220500946,-1.44394659996033,-0.6882610023021705,543.0,4.01,8.13,72.9
ROU,Romania,2019,-0.236893355846405,-0.215103924274445,0.415343642234802,0.443314433097839,0.515233874320984,0.184378933906555,469.0,4.18,7.05,49.1
CZE,Czechia,2019,0.533485949039459,0.919642746448517,1.01709353923798,1.23532867431641,0.834152519702911,0.9079406857490555,438.0,2.68,10.54,80.0
HUN,Hungary,2019,0.0306371729820967,0.450478911399841,0.498684227466583,0.592322170734406,0.343573540449142,0.3831392046064137,466.0,2.52,6.75,41.5
POL,Poland,2019,0.611018896102905,0.512824833393097,0.391241818666458,1.01351165771484,0.671802282333374,0.6400798976421349,370.0,2.63,3.92,60.6
PER,Peru,2019,-0.509501397609711,-0.125898167490959,-0.520058035850525,0.517202258110046,0.264963299036026,-0.07465840876102463,495.0,4.29,6.77,38.3
CHL,Chile,2019,0.97893089056015,0.863498628139496,0.924216628074646,1.15849316120148,0.981485605239868,0.981324982643128,407.0,2.66,8.33,97.9
MYS,Malaysia,2019,0.232962101697922,0.967774987220764,0.4915691614151,0.547572374343872,-0.0477054789662361,0.43843462914228437,418.0,4.08,7.46,31.2
THA,Thailand,2019,-0.47199535369873,0.260609537363052,0.0887417942285538,-0.0219450928270817,-0.846085667610168,-0.1981349565088748,561.0,7.65,6.52,61.2
PHL,Philippines,2019,-0.606206953525543,0.059953011572361,-0.57440197467804,0.100199609994888,0.00574713759124279,-0.20294183380901823,553.0,5.24,8.2,67.7
COL,Colombia,2019,-0.283615678548813,0.0327151045203209,-0.391183972358704,0.317910939455032,0.204583406448364,-0.02391804009676,491.0,2.85,8.51,63.3
TUR,Turkiye,2019,-0.325921058654785,-0.0204638708382845,-0.346833646297455,-0.0204177498817444,-0.834213256835938,-0.30956991650164134,674.0,5.9,9.15,51.3
IDN,Indonesia,2019,-0.473498523235321,0.138700008392334,-0.347653895616531,0.0289513897150755,0.131386235356331,-0.10442295707762231,567.0,2.68,6.95,52.4
IND,India,2019,-0.30260244011879,0.130771830677986,-0.0672271549701691,-0.150565445423126,0.268077671527863,-0.02430910766124722,422.0,-0.58,4.5,55.9
ZAF,South Africa,2019,-0.0312809906899929,0.127971157431602,-0.188336730003357,0.00850539095699787,0.643925607204437,0.11215688697993739,512.0,1.48,5.44,52.1
MEX,Mexico,2019,-0.917449772357941,-0.306684851646423,-0.657918453216553,0.0125951962545514,0.00857096444815397,-0.3721773833036423,543.0,-0.24,8.62,74.3
BRA,Brazil,2019,-0.40789270401001,-0.234114676713943,-0.224319815635681,-0.121404096484184,0.301444828510284,-0.13725729286670682,583.0,2.8,2.55,99.2
BWA,Botswana,2020,0.610775887966156,0.167879268527031,0.382221907377243,0.527586281299591,0.488763332366943,0.4354453355073928,410.0,3.54,6.11,43.9
CRI,Costa Rica,2020,0.661411285400391,0.196500390768051,0.498832434415817,0.477579593658447,1.12029850482941,0.5909244418144233,421.0,6.85,3.82,27.6
PAN,Panama,2020,-0.584161520004272,0.164647355675697,-0.284955024719238,0.322711378335953,0.573975324630737,0.038443502783775396,534.0,4.15,5.09,53.2
URY,Uruguay,2020,1.36466670036316,0.730210959911346,0.647405028343201,0.687180042266846,1.30677044391632,0.9472466349601746,416.0,3.06,8.84,106.6
SEN,Senegal,2020,-0.00729532772675157,-0.059842012822628,-0.320803761482239,-0.294217169284821,0.239433467388153,-0.08854496078565732,468.0,5.16,5.57,38.9
GHA,Ghana,2020,-0.127222999930382,-0.196979343891144,-0.0821285173296928,-0.130579710006714,0.552889406681061,0.0031957671046256354,498.0,-0.92,5.14,87.8
BGD,Bangladesh,2020,-1.00371217727661,-0.779491305351257,-0.565531194210052,-0.906213521957397,-0.769459009170532,-0.8048814415931697,612.0,3.97,0.92,88.6
PAK,Pakistan,2020,-0.857438266277313,-0.571128666400909,-0.712938487529755,-0.764765918254852,-0.877737641334534,-0.7568017959594726,596.0,5.04,7.24,43.9
VNM,Viet Nam,2020,-0.374517351388931,0.193557769060135,-0.189501881599426,-0.236916333436966,-1.37661600112915,-0.3967987596988676,663.0,0.54,6.94,66.4
ARG,Argentina,2020,-0.163570061326027,-0.254261821508408,-0.486265957355499,-0.498344272375107,0.584501206874847,-0.1635881811380388,560.0,5.79,11.49,87.6
MAR,Morocco,2020,-0.409950464963913,-0.186065658926964,-0.186950773000717,-0.0479148365557194,-0.592912673950195,-0.2847588814795016,495.0,4.18,4.08,47.4
KEN,Kenya,2020,-0.87534761428833,-0.399473369121552,-0.579112708568573,-0.51719057559967,-0.341349542140961,-0.5424947619438172,642.0,2.67,5.66,50.9
NGA,Nigeria,2020,-1.11856710910797,-1.14378702640533,-0.842042088508606,-1.02443432807922,-0.581086993217468,-0.941983509063719,762.0,4.77,5.75,43.4
EGY,"Egypt, Arab Rep.",2020,-0.810433626174927,-0.44617161154747,-0.317483067512512,-0.571031153202057,-1.48189222812653,-0.7254023373126992,675.0,8.04,9.73,34.7
ROU,Romania,2020,-0.0985997840762138,-0.286944448947906,0.368689924478531,0.346217542886734,0.585118234157562,0.18289629369974145,412.0,3.86,4.71,42.0
CZE,Czechia,2020,0.55544102191925,0.910964906215668,1.01845061779022,1.23466849327087,0.978554964065552,0.939616000652312,350.0,4.0,5.84,30.5
HUN,Hungary,2020,0.0689540952444077,0.538535594940186,0.492385804653168,0.469366848468781,0.390373110771179,0.39192309081554433,520.0,2.58,6.82,55.7
POL,Poland,2020,0.618671596050262,0.324195116758347,0.524749398231506,0.850681960582733,0.615374743938446,0.5867345631122588,392.0,1.8,5.56,39.6
PER,Peru,2020,-0.524636924266815,-0.294280052185059,-0.382843524217606,0.471264183521271,0.246405273675919,-0.09681820869445801,552.0,5.16,3.66,59.7
CHL,Chile,2020,1.10613715648651,0.705044686794281,0.930162131786346,0.948647737503052,0.99194073677063,0.9363864898681638,413.0,1.79,5.58,23.9
MYS,Malaysia,2020,0.228581383824348,1.02225887775421,0.573119819164276,0.666613459587097,-0.154460147023201,0.4672226786613461,399.0,3.64,8.22,61.6
THA,Thailand,2020,-0.483811765909195,0.201812535524368,0.111505389213562,0.0636607557535172,-0.809261918067932,-0.18321900069713598,540.0,2.54,1.92,71.7
PHL,Philippines,2020,-0.510658323764801,0.0678123831748962,-0.652070105075836,0.113156676292419,-0.106204241514206,-0.21759272217750553,386.0,4.46,5.4,15.1
COL,Colombia,2020,-0.252498596906662,0.00847531855106354,-0.491402626037598,0.225666418671608,0.143006011843681,-0.0733506947755815,475.0,4.17,2.9,62.5
TUR,Turkiye,2020,-0.36175400018692,-0.15879775583744,-0.418659001588821,-0.0247927252203226,-0.860594511032104,-0.3649195987731215,557.0,5.58,8.59,79.6
IDN,Indonesia,2020,-0.454962939023972,0.31706503033638,-0.365602731704712,0.216156706213951,0.0993008315563202,-0.03760862052440657,458.0,2.48,0.5,30.8
IND,India,2020,-0.293598413467407,0.374532461166382,-0.0584247447550297,-0.128488674759865,0.127332791686058,0.004270683974027656,596.0,2.96,3.32,88.5
ZAF,South Africa,2020,-0.0594757050275803,0.0465345233678818,-0.243993982672691,0.0204948224127293,0.690293967723846,0.09077072516083715,430.0,1.54,6.13,63.4
MEX,Mexico,2020,-0.921630203723907,-0.27033868432045,-0.642182171344757,-0.0129100447520614,-0.0273882187902927,-0.3748898645862936,549.0,2.61,9.7,40.9
BRA,Brazil,2020,-0.429083496332169,-0.465709209442139,-0.231919765472412,-0.111011527478695,0.287395060062408,-0.19006578773260138,550.0,4.25,4.8,53.9
BWA,Botswana,2021,0.665120005607605,0.323696464300156,0.453281432390213,0.600826501846313,0.455179303884506,0.49962074160575864,507.0,5.01,3.33,66.2
CRI,Costa Rica,2021,0.47030770778656,0.222867384552956,0.423667222261429,0.438738018274307,1.08030879497528,0.5271778255701064,359.0,1.66,10.64,56.5
PAN,Panama,2021,-0.591640532016754,0.123601131141186,-0.269385784864426,0.177574455738068,0.541458606719971,-0.0036784246563910106,569.0,5.24,0.66,65.8
URY,Uruguay,2021,1.58596456050873,0.799662232398987,0.698062181472778,0.719142973423004,1.28641426563263,1.0178492426872259,358.0,6.21,0.5,36.6
SEN,Senegal,2021,0.0423106253147125,0.0246377754956484,-0.398609578609467,-0.322730869054794,0.195669069886208,-0.09174459539353841,475.0,4.33,6.32,58.4
GHA,Ghana,2021,-0.128043621778488,-0.176513522863388,-0.107684418559074,-0.215175911784172,0.469472467899323,-0.0315890014171598,538.0,7.25,3.49,26.7
BGD,Bangladesh,2021,-0.986505091190338,-0.653351545333862,-0.62569397687912,-0.84635329246521,-0.774502336978912,-0.7772812485694883,637.0,1.95,1.94,52.8
PAK,Pakistan,2021,-0.810481548309326,-0.438822388648987,-0.658620655536652,-0.761585533618927,-0.841518759727478,-0.702205777168274,585.0,1.01,7.13,36.9
VNM,Viet Nam,2021,-0.308163285255432,0.243436112999916,-0.172221630811691,-0.404661357402802,-1.30874562263489,-0.3900711566209798,572.0,-0.06,5.73,40.3
ARG,Argentina,2021,-0.422596842050552,-0.390557259321213,-0.477947890758514,-0.631172716617584,0.610777020454407,-0.2622995376586912,530.0,6.49,3.31,79.7
MAR,Morocco,2021,-0.41899362206459,-0.170099332928658,-0.243680879473686,-0.133877843618393,-0.590032160282135,-0.3113367676734924,562.0,4.81,1.16,76.8
KEN,Kenya,2021,-0.734718978404999,-0.325909495353699,-0.42144787311554,-0.460586369037628,-0.351733297109604,-0.458879202604294,612.0,3.39,7.62,67.2
NGA,Nigeria,2021,-1.10122787952423,-1.02695763111115,-0.870812594890594,-0.944378197193146,-0.636560559272766,-0.9159873723983771,727.0,4.06,6.95,33.2
EGY,"Egypt, Arab Rep.",2021,-0.70594334602356,-0.457696795463562,-0.260645717382431,-0.519896507263184,-1.50513410568237,-0.6898632943630214,552.0,1.25,4.7,48.7
ROU,Romania,2021,-0.0613786391913891,-0.163359016180038,0.38048443198204,0.29227140545845,0.593723952770233,0.20834842696785918,585.0,8.39,10.54,79.3
CZE,Czechia,2021,0.615270674228668,1.06974017620087,1.09040725231171,1.34087228775024,1.00824761390686,1.0249076008796696,259.0,3.76,1.79,57.8
HUN,Hungary,2021,0.0119548495858908,0.596821069717407,0.505373418331146,0.485284149646759,0.397480607032776,0.39938281886279575,443.0,3.72,0.5,101.4
POL,Poland,2021,0.546135544776917,0.254306375980377,0.425569206476212,0.831825613975525,0.579096436500549,0.527386635541916,460.0,4.95,2.92,62.9
PER,Peru,2021,-0.653799653053284,-0.295280516147614,-0.532514691352844,0.0637786462903023,0.174961343407631,-0.24857097417116178,561.0,4.46,4.86,58.8
CHL,Chile,2021,0.9562668800354,0.590294063091278,0.889890670776367,0.936240255832672,0.957422435283661,0.8660228610038756,349.0,3.95,5.73,48.8
MYS,Malaysia,2021,0.146233186125755,0.952433526515961,0.532065808773041,0.714465439319611,-0.164951831102371,0.4360492259263994,434.0,1.92,4.28,57.7
THA,Thailand,2021,-0.478870928287506,0.220056802034378,0.0937988311052322,0.0835350751876831,-0.789397776126862,-0.17417559921741493,511.0,4.44,6.06,52.0
PHL,Philippines,2021,-0.530111014842987,0.0347901321947575,-0.666802585124969,0.0623732283711433,-0.154726296663284,-0.25089530721306785,518.0,7.26,1.25,69.2
COL,Colombia,2021,-0.365944802761078,-0.0478276498615742,-0.470828503370285,0.20214469730854,0.0940301716327667,-0.11768521741032607,570.0,6.19,9.33,74.1
TUR,Turkiye,2021,-0.408259898424149,-0.119116462767124,-0.433712124824524,-0.100666180253029,-0.85993480682373,-0.3843378946185112,586.0,6.69,4.75,39.3
IDN,Indonesia,2021,-0.449847877025604,0.346443444490433,-0.253444284200668,0.287561029195786,0.149332702159882,0.016009002923965805,473.0,2.48,8.35,28.4
IND,India,2021,-0.317147105932236,0.249238416552544,-0.108451806008816,-0.0908545926213264,0.0905434712767601,-0.03533432334661486,560.0,1.52,6.03,18.3
ZAF,South Africa,2021,-0.0341691114008427,-0.0701303705573082,0.0649796947836876,-0.0907086357474327,0.783295750617981,0.130653465539217,506.0,3.25,6.37,65.2
MEX,Mexico,2021,-1.02063989639282,-0.3435437977314,-0.807996511459351,-0.251374453306198,-0.0774139538407326,-0.5001937225461004,626.0,3.61,6.71,32.9
BRA,Brazil,2021,-0.499217957258224,-0.492990374565125,-0.301417380571365,-0.121613994240761,0.254508823156357,-0.23214617669582358,576.0,5.69,6.34,15.0
BWA,Botswana,2022,0.661908507347107,0.439493864774704,0.459227591753006,0.621043562889099,0.449784100055695,0.5262915253639222,385.0,0.12,6.93,62.8
CRI,Costa Rica,2022,0.465857774019241,0.0526026673614979,0.435932785272598,0.567061722278595,1.07340776920319,0.5189725436270244,399.0,6.56,8.99,104.9
PAN,Panama,2022,-0.634862422943115,-0.128100603818893,-0.359851568937302,0.127132147550583,0.541374862194061,-0.09086151719093323,556.0,3.18,5.59,54.9
URY,Uruguay,2022,1.61050200462341,0.849587678909302,0.767947494983673,0.713579416275024,1.28492343425751,1.045308005809784,379.0,2.65,7.13,71.8
SEN,Senegal,2022,-0.0131743038073182,0.0397833846509457,-0.268764853477478,-0.296521306037903,0.176930591464043,-0.0723492974415421,515.0,1.48,4.73,56.6
GHA,Ghana,2022,-0.0643710345029831,-0.106421269476414,-0.0795473381876945,-0.178818702697754,0.400153130292892,-0.00580104291439072,512.0,0.19,9.32,53.0
BGD,Bangladesh,2022,-1.07575178146362,-0.763355314731598,-0.601690113544464,-0.927658915519714,-0.753301620483398,-0.8243515491485589,693.0,5.15,2.97,73.4
PAK,Pakistan,2022,-0.80435037612915,-0.624728679656982,-0.672116339206696,-0.886412620544434,-0.862116992473602,-0.7699450016021727,591.0,3.65,10.4,49.2
VNM,Viet Nam,2022,-0.287254333496094,0.174635261297226,-0.158469453454018,-0.429956316947937,-1.28640735149384,-0.39749043881893253,592.0,0.92,4.88,60.3
ARG,Argentina,2022,-0.447221606969833,-0.28348970413208,-0.482351809740067,-0.697565734386444,0.546316981315613,-0.2728623747825622,536.0,0.91,0.71,61.4
MAR,Morocco,2022,-0.387477546930313,-0.0818562060594559,-0.206644892692566,-0.0868896543979645,-0.545548260211945,-0.26168331205844886,533.0,2.83,5.38,41.6
KEN,Kenya,2022,-0.759503602981567,-0.329533219337463,-0.317989438772202,-0.380829960107803,-0.150899544358253,-0.38775115311145764,618.0,6.84,2.96,74.8
NGA,Nigeria,2022,-1.12968230247498,-1.04151690006256,-0.913985073566437,-1.15594470500946,-0.598563253879547,-0.9679384469985969,691.0,2.98,7.52,51.5
EGY,"Egypt, Arab Rep.",2022,-0.678962171077728,-0.448231309652328,-0.26560452580452,-0.713920831680298,-1.45044994354248,-0.7114337563514708,652.0,0.49,3.04,39.9
ROU,Romania,2022,0.0164916589856148,-0.000462350901216269,0.403401881456375,0.364533066749573,0.566261529922485,0.2700451572425663,530.0,3.01,3.66,65.7
CZE,Czechia,2022,0.663074553012848,1.09341883659363,1.1003965139389,1.38589835166931,1.04114127159119,1.0567859053611754,348.0,2.95,0.5,37.0
HUN,Hungary,2022,-0.103261694312096,0.533869922161102,0.422067135572433,0.406537681818008,0.425347447395325,0.33691209852695436,489.0,-1.89,3.64,55.6
POL,Poland,2022,0.506645441055298,0.258881956338882,0.428134799003601,0.717305660247803,0.603501915931702,0.5028939545154572,414.0,3.39,0.5,54.8
PER,Peru,2022,-0.808002054691315,-0.39837571978569,-0.552831411361694,0.20857498049736,0.0529896952211857,-0.29952890202403065,566.0,3.04,0.5,76.7
CHL,Chile,2022,0.968124032020569,0.546218276023865,0.688454449176788,0.978411138057709,0.976769387722015,0.8315954566001892,374.0,4.89,7.28,64.5
MYS,Malaysia,2022,0.248940765857697,0.992667615413666,0.561419248580933,0.644006609916687,0.000423186487751082,0.4894914852513468,436.0,7.2,7.36,54.5
THA,Thailand,2022,-0.452444344758987,0.127444162964821,0.0657474175095558,0.165019407868385,-0.620351493358612,-0.14291696995496744,556.0,5.75,6.28,71.4
PHL,Philippines,2022,-0.541212201118469,0.063930444419384,-0.518263161182404,0.0627855956554413,-0.0548803359270096,-0.19752793163061147,494.0,2.96,2.1,82.8
COL,Colombia,2022,-0.362088114023209,0.01379637978971,-0.427760243415833,0.140449166297913,0.168687179684639,-0.09338312633335599,624.0,1.29,4.86,66.2
TUR,Turkiye,2022,-0.468106269836426,-0.199645325541496,-0.459680616855621,-0.244638904929161,-0.926404356956482,-0.4596950948238372,524.0,8.65,4.99,55.2
IDN,Indonesia,2022,-0.435335576534271,0.436147511005402,-0.1881303191185,0.205959960818291,0.14396958053112,0.032522231340408395,439.0,3.62,1.52,28.8
IND,India,2022,-0.322223275899887,0.369541674852371,0.113943412899971,-0.0504464171826839,0.0458774901926517,0.031338576972484565,558.0,3.53,9.51,33.7
ZAF,South Africa,2022,-0.33009460568428,-0.109027646481991,0.0407747849822044,-0.185125753283501,0.723274409770966,0.027960237860679672,540.0,3.45,7.63,48.9
MEX,Mexico,2022,-1.01208603382111,-0.281723529100418,-0.869425058364868,-0.148309499025345,-0.119756743311882,-0.4862601727247246,609.0,3.9,4.34,42.8
BRA,Brazil,2022,-0.566354334354401,-0.588259339332581,-0.257879137992859,-0.220437631011009,0.225268334150314,-0.28153242170810716,579.0,3.21,5.08,51.3
